<?xml version="1.0" encoding="UTF-8" standalone="yes"?>
<addon id="repository.iVue-No-Blocks" name="iVue No BLocks Repo" version="1.0" provider-name="LOL ivue">
	<extension point="xbmc.addon.repository" name="iVue No BLocks Repo">
		<dir>
			<info compressed="false">https://github.com/biglad/iVue3/raw/master/zips/addons.xml</info>
			<checksum>https://github.com/biglad/iVue3/raw/master/zips/addons.xml.md5</checksum>
			<datadir zip="true">https://github.com/biglad/iVue3/raw/master/zips/</datadir>  
			
		</dir>
	</extension>
	<extension point="xbmc.addon.metadata">
		<summary></summary>
		<description>iVue no addon blocked</description>
		<platform>all</platform>
	</extension>
</addon>

